<?xml version="1.0" encoding="UTF-8"?><wordclock language="sl">    <title>        <![CDATA[(24 ur) Dvaindvajset minut in enaindvajset sekund.]]>    </title>    <author>        <name>            <![CDATA[Damjan Pavlovec]]>        </name>        <url>            <![CDATA[]]>        </url>        <email>            <![CDATA[damjan_pavlovec@hotmail.com]]>        </email>    </author>    <suitability>        <suitable style="linear"/>        <suitable style="rotary"/>    </suitability>    <group>        <item highlight="hour==0 &amp;&amp; (minute==0)">            <![CDATA[Polnoč]]>        </item>        <item highlight="hour==0 &amp;&amp; (minute&gt;=1)">            <![CDATA[Polnoč,]]>        </item>        <item highlight="hour==1 &amp;&amp; (minute==0)">            <![CDATA[Ena]]>        </item>        <item highlight="hour==1 &amp;&amp; (minute&gt;=1)">            <![CDATA[Ena,]]>        </item>        <item highlight="hour==2 &amp;&amp; (minute==0)">            <![CDATA[Dve]]>        </item>        <item highlight="hour==2 &amp;&amp; (minute&gt;=1)">            <![CDATA[Dve,]]>        </item>        <item highlight="hour==3 &amp;&amp; (minute==0)">            <![CDATA[Tri]]>        </item>        <item highlight="hour==3 &amp;&amp; (minute&gt;=1)">            <![CDATA[Tri,]]>        </item>        <item highlight="hour==4 &amp;&amp; (minute==0)">            <![CDATA[Štiri]]>        </item>        <item highlight="hour==4 &amp;&amp; (minute&gt;=1)">            <![CDATA[Štiri,]]>        </item>        <item highlight="hour==5 &amp;&amp; (minute==0)">            <![CDATA[Pet]]>        </item>        <item highlight="hour==5 &amp;&amp; (minute&gt;=1)">            <![CDATA[Pet,]]>        </item>        <item highlight="hour==6 &amp;&amp; (minute==0)">            <![CDATA[Šest]]>        </item>        <item highlight="hour==6 &amp;&amp; (minute&gt;=1)">            <![CDATA[Šest,]]>        </item>        <item highlight="hour==7 &amp;&amp; (minute==0)">            <![CDATA[Sedem]]>        </item>        <item highlight="hour==7 &amp;&amp; (minute&gt;=1)">            <![CDATA[Sedem,]]>        </item>        <item highlight="hour==8 &amp;&amp; (minute==0)">            <![CDATA[Osem]]>        </item>        <item highlight="hour==8 &amp;&amp; (minute&gt;=1)">            <![CDATA[Osem,]]>        </item>        <item highlight="hour==9 &amp;&amp; (minute==0)">            <![CDATA[Devet]]>        </item>        <item highlight="hour==9 &amp;&amp; (minute&gt;=1)">            <![CDATA[Devet,]]>        </item>        <item highlight="hour==10 &amp;&amp; (minute==0)">            <![CDATA[Deset]]>        </item>        <item highlight="hour==10 &amp;&amp; (minute&gt;=1)">            <![CDATA[Deset,]]>        </item>        <item highlight="hour==11 &amp;&amp; (minute==0)">            <![CDATA[Enajst]]>        </item>        <item highlight="hour==11 &amp;&amp; (minute&gt;=1)">            <![CDATA[Enajst,]]>        </item>        <item highlight="hour==12 &amp;&amp; (minute==0)">            <![CDATA[Dvanajst]]>        </item>        <item highlight="hour==12 &amp;&amp; (minute&gt;=1)">            <![CDATA[Dvanajst,]]>        </item>        <item highlight="hour==13 &amp;&amp; (minute==0)">            <![CDATA[Trinajst]]>        </item>        <item highlight="hour==13 &amp;&amp; (minute&gt;=1)">            <![CDATA[Trinajst,]]>        </item>        <item highlight="hour==14 &amp;&amp; (minute==0)">            <![CDATA[Štirinajst]]>        </item>        <item highlight="hour==14 &amp;&amp; (minute&gt;=1)">            <![CDATA[Štirinajst,]]>        </item>        <item highlight="hour==15 &amp;&amp; (minute==0)">            <![CDATA[Petnajst]]>        </item>        <item highlight="hour==15 &amp;&amp; (minute&gt;=1)">            <![CDATA[Petnajst,]]>        </item>        <item highlight="hour==16 &amp;&amp; (minute==0)">            <![CDATA[Šestnajst]]>        </item>        <item highlight="hour==16 &amp;&amp; (minute&gt;=1)">            <![CDATA[Šestnajst,]]>        </item>        <item highlight="hour==17 &amp;&amp; (minute==0)">            <![CDATA[Sedemnajst]]>        </item>        <item highlight="hour==17 &amp;&amp; (minute&gt;=1)">            <![CDATA[Sedemnajst,]]>        </item>        <item highlight="hour==18 &amp;&amp; (minute==0)">            <![CDATA[Osemnajst]]>        </item>        <item highlight="hour==18 &amp;&amp; (minute&gt;=1)">            <![CDATA[Osemnajst,]]>        </item>        <item highlight="hour==19 &amp;&amp; (minute==0)">            <![CDATA[Devetnajst]]>        </item>        <item highlight="hour==19 &amp;&amp; (minute&gt;=1)">            <![CDATA[Devetnajst,]]>        </item>        <item highlight="hour==20 &amp;&amp; (minute==0)">            <![CDATA[Dvajset]]>        </item>        <item highlight="hour==20 &amp;&amp; (minute&gt;=1)">            <![CDATA[Dvajset,]]>        </item>        <item highlight="hour==21 &amp;&amp; (minute==0)">            <![CDATA[Enaindvajset]]>        </item>        <item highlight="hour==21 &amp;&amp; (minute&gt;=1)">            <![CDATA[Enaindvajset,]]>        </item>        <item highlight="hour==22 &amp;&amp; (minute==0)">            <![CDATA[Dvaindvajset]]>        </item>        <item highlight="hour==22 &amp;&amp; (minute&gt;=1)">            <![CDATA[Dvaindvajset,]]>        </item>        <item highlight="hour==23 &amp;&amp; (minute==0)">            <![CDATA[Triindvajset]]>        </item>        <item highlight="hour==23 &amp;&amp; (minute&gt;=1)">            <![CDATA[Triindvajset,]]>        </item>    </group>    <group>        <sequence bind="minute" first="0" delimeter=";">            <![CDATA[;ena;dve;tri;štiri;pet;šest;sedem;osem;devet;deset;enajst;dvanajst;trinajst;štirinajst;petnajst;šestnajst;sedemnajst;osemnajst;devetnajst;dvajset;enaindvajset;dvaindvajset;triindvajset;štiriindvajset;petindvajset;šestindvajset;sedemindvajset;osemindvajset;devetindvajset;trideset;enaintrideset;dvaintrideset;triintrideset;štiriintrideset;petintrideset;šestintrideset;sedemintrideset;osemintrideset;devetintrideset;štirideset;enainštirideset;dvainštirideset;triinštirideset;štiriinštirideset;petinštirideset;šestinštirideset;sedeminštirideset;oseminštirideset;devetinštirideset;petdeset;enainpetdeset;dvainpetdeset;triinpetdeset;štiriinpetdeset;petinpetdeset;šestinpetdeset;sedeminpetdeset;oseminpetdeset;devetinpetdeset]]>        </sequence>    </group>    <group>        <item highlight="minute==0">            <![CDATA[]]>        </item>        <item highlight="minute==1">            <![CDATA[minuta]]>        </item>        <item highlight="minute==2">            <![CDATA[minuti]]>        </item>        <item highlight="minute==3 || minute==4">            <![CDATA[minute]]>        </item>        <item highlight="minute&gt;=5">            <![CDATA[minut]]>        </item>        <space count="55"/>    </group>    <group>        <item highlight="second==0">            <![CDATA[]]>        </item>        <item highlight="second&gt;=1">            <![CDATA[in]]>        </item>        <space count="58"/>    </group>    <group>        <sequence bind="second" first="0" delimeter=";">            <![CDATA[;ena;dve;tri;štiri;pet;šest;sedem;osem;devet;deset;enajst;dvanajst;trinajst;štirinajst;petnajst;šestnajst;sedemnajst;osemnajst;devetnajst;dvajset;enaindvajset;dvaindvajset;triindvajset;štiriindvajset;petindvajset;šestindvajset;sedemindvajset;osemindvajset;devetindvajset;trideset;enaintrideset;dvaintrideset;triintrideset;štiriintrideset;petintrideset;šestintrideset;sedemintrideset;osemintrideset;devetintrideset;štirideset;enainštirideset;dvainštirideset;triinštirideset;štiriinštirideset;petinštirideset;šestinštirideset;sedeminštirideset;oseminštirideset;devetinštirideset;petdeset;enainpetdeset;dvainpetdeset;triinpetdeset;štiriinpetdeset;petinpetdeset;šestinpetdeset;sedeminpetdeset;oseminpetdeset;devetinpetdeset]]>        </sequence>    </group>    <group>        <item highlight="second==0">            <![CDATA[]]>        </item>        <item highlight="second==1">            <![CDATA[sekunda]]>        </item>        <item highlight="second==2">            <![CDATA[sekundi]]>        </item>        <item highlight="second==3 || second==4">            <![CDATA[sekunde]]>        </item>        <item highlight="second&gt;=5">            <![CDATA[sekund]]>        </item>        <space count="55"/>    </group></wordclock>